"PersonID","Attitude12","Age12","Age13","Age14","Age15","Age16","Age17","Age18","Risky12","Risky13","Risky14","Risky15","Risky16","Risky17","Risky18","Monitor12","Monitor13","Monitor14","Monitor15","Monitor16","Monitor17","Monitor18"
"1",5,11.6972921243977,13.2155726289148,14.0445115536624,15.2966630300785,15.8584827064638,17.0455172516537,17.9248578996976,27.3678406936588,26.7107765141323,25.0083304150981,22.3316491089894,22.9382947645621,22.3845548081611,22.190295552632,2.68966332307177,2.60243430655221,2.45811376955121,2.83788646823247,2.62958617363155,2.50005246445026,3.04111814813742
"2",3.04567459054382,11.8868986632895,12.7544199917487,13.8691053295997,14.9088279424215,15.7803701254042,16.7694232524032,17.9816496316763,15.0413143197198,17.7060693386763,13.8712121249273,17.5194546999698,21.0156907764866,19.8431820633376,30.0376141206969,3.81606316944205,4.55721336254406,3.76383776971949,4.12234699727903,3.71713028107815,3.07005763047405,3.98044707795299
"3",3.76810540488904,12.3210791457539,12.9083106562729,13.9954920874033,15.0684468731231,16.126995849105,16.8882968104649,17.7855024136017,19.6488952563154,11.741427070294,11.5383539828674,15.4897347704641,11.5683545489875,20.2770042347711,20.080441064022,4.85520764659946,5,4.38614772319522,4.4366628131461,3.44485363119802,3.67069093179935,3.70528494716874
"4",5,12.0337608133698,13.0928055181217,14.1663014437927,14.8056482334684,15.8734362120975,16.7933638863354,17.8471317445828,14.925582179361,14.9091053271643,19.5562491834908,19.8392976552062,15.0675328389716,20.5590621312982,18.844740635215,3.42504792949426,2.7100936973932,3.48053261891119,3.75956292992097,3.12088886658596,3.12516774250103,3.44926629804488
"5",4.31124327248571,11.9228008935623,13.037840455543,13.9001928303703,14.962408968134,15.9461897350645,17.0296784451397,17.7981439625639,10.2481086599129,19.7308772038818,13.4004830401945,14.6182004718159,16.7865327540133,24.406882362267,27.5849327398456,3.25190275122221,3.33764257819639,3.2777869701268,3.67786029314059,3.15656233815419,3.58118553507252,3.86548109881385
"6",3.8089119990013,11.7754889585818,12.7830651543881,14.0966094089894,15.2129615630381,16.142271659017,17.0296457164548,18.0852790959589,14.5240765414734,19.4142414354239,22.9202275156979,20.1737115841443,17.3593560388561,22.9715314258274,24.5040140098968,3.51317553077728,3.77900129648159,3.73546894767808,3.73841359247777,3.63715671788711,3.27655853417697,2.96146940468378
"7",3.87495525524876,12.1504193102753,12.7996007162292,14.0759613964103,15.2675929772403,16.2323941299188,16.8618676773599,17.8826781751167,11.5982619810333,12.1679666020663,18.7361600787501,26.1013586914239,26.2631625390981,27.4666530792782,29.3907027299814,3.49590172510549,3.38108279020655,3.09793607277154,3.71813906562692,3.28744353246041,2.81439082056366,2.8591936391135
"8",4.71706293477566,11.9004591283791,13.193412593498,13.7210144577464,14.9430597286576,16.2934861671644,17.2218347714815,18.0345104619283,22.1197138524296,25.2112519468642,18.8044902097222,19.1571543283679,21.0868403190721,25.5659300336825,20.9322324108917,3.19269006918367,3.72359170774092,3.07978569157647,3.23252558530207,3.31360939809428,3.79689798545074,3.17142577071741
"9",4.01137416192089,12.2301711672644,13.2606707308645,13.9475013057009,15.2413280895335,16.051900191404,16.7907519159327,17.9973917564896,18.3046341092862,19.6972052202588,18.459409613263,22.6403152414949,31.0541046699338,27.4958302793237,29.9238342804593,3.53608547588654,3.43340476995465,3.51911645702931,3.23569923560742,3.54619431116841,3.10902706825276,2.87754428503965
"10",3.88824861417576,12.021548178584,13.38078402178,14.1260472535536,15.0581406147033,16.0785339962759,17.258560640875,18.2366584082792,25.2101308991277,28.0333537167205,20.6813013737931,26.9427018446515,27.8195228680782,27.1587905448048,34.2308214124757,3.85459062997403,3.93261263193344,2.994766647251,3.61654398274083,3.07903197607957,2.96473263063405,3.95023346087292
"11",3.60674405036538,12.0812292519985,13.1156209053232,13.8721217407502,14.8145610376505,15.8358808855373,17.1305134160394,17.7946764923952,18.118079533957,21.1682379679513,22.6331398538971,20.7453061779324,20.9113851638809,23.317211978553,30.6949881141892,2.09653617303248,1.9992097496338,2.05702371869707,1.92835818814643,1.80140214102165,2.49334343741145,2.69674053951365
"12",3.62571459947089,11.7417339584733,12.9871687537985,14.4408625196735,14.7634840087389,15.6998305251325,17.2347461012748,17.8068887514385,18.0740682123263,22.8484541104667,23.1234806209478,26.6476056498069,20.6719714442219,26.992207666988,24.3927293440947,3.53501526735583,3.54723483063888,3.52694556101931,3.64536251891045,3.26355610365357,4.12601176810703,2.91398093450367
"13",3.84737990746371,12.2046193404866,12.696923533799,13.9266621779156,14.9883005610683,15.8408285786163,17.0492169199655,18.2679113545174,19.3405300206295,19.3693718192374,19.0344154040537,19.6986799019799,29.4594764564401,25.9885621819498,27.252093759404,3.46995785553188,3.42188152860938,2.94910819364288,2.86538998288785,3.1870341114787,2.69980253755021,3.15315173897647
"14",4.12859196838451,12.0330838243059,13.0504609305672,14.1010475223606,15.3894201090959,16.1560765611001,17.1582503742403,18.0238346469999,15.2830156627864,18.3480837229034,17.0466996942226,12.2510685869564,20.0932041972858,23.5777867984029,28.36980115178,2.98624567680529,2.67748865781217,3.86715031815209,2.95294000610975,3.32217905243151,3.31697524444644,2.64658740904252
"15",3.93581891179971,12.2494610604794,12.4092806780152,13.986022474183,14.9401262227059,15.9167581159374,16.6976070356022,17.8770990662218,20.4446805768381,12.109834695962,14.2767032805822,19.3881038714883,18.0003009989236,18.2957818457068,22.8254468521975,4.01627771098145,3.39578788899653,3.41122846785504,4.07766638478538,3.50453512227005,3.84860557075716,4.06633604628036
"16",3.41115434704532,11.9417111795109,12.8278850168844,13.6332790970918,15.0010268017723,15.9206397316514,16.9115299835303,18.0742200696052,10.8567028842131,15.8279211698496,16.5578564079582,22.6291528787532,24.3595236611657,29.921573458062,29.646817419222,3.00290631036166,3.71491174305765,3.93304271054612,3.75040404826078,3.02375338167101,3.00540689477943,2.67442797156612
"17",4.54400568530952,11.9587285635448,12.7830984379849,14.1521840709674,14.629326273692,15.9103800640993,16.9963150586757,17.6025049357731,17.7405044444325,16.901687952755,25.4982227842008,17.5140736490815,22.8114424003683,20.0248881205417,24.090141444922,3.96880952504128,3.79475292874052,3.87521933676185,3.19851571829442,3.82071719955103,3.56644226903912,3.34056810561451
"18",5,12.033237546006,13.3623263505108,13.9014359546358,14.7533224155385,15.8955490538077,16.8603610140537,18.108778527129,19.0319984903204,13.3357067085344,14.0592417490283,11.8997832987933,10.9230728573848,12.4897755133668,12.1135393326382,2.3751845292018,2.23140563437239,2.53063600695531,2.67418955051745,2.70331070345248,3.18633509178919,2.61273854984708
"19",5,11.9638865986906,13.0425145677579,13.8732416627881,14.9160321856563,15.7974806491012,17.01716000132,18.0330145722108,13.0555278287295,14.4602600436732,14.3666818815064,21.1678032665665,16.2557410578889,16.8011390910546,23.8009327464884,2.28634920795779,2.16362574948585,2.83267030842178,2.93191543536641,2.88420551153248,2.83930059065109,2.97191853922698
"20",3.63366953541367,12.1153405904868,13.1699271211201,13.9459934009626,15.3422167240407,15.7244604866834,17.0028120549821,17.9156996821364,10.6058351108324,12.8186542022799,17.0696618444444,18.2104416392291,15.7570839838575,25.2314199948479,20.4350254449834,1.93700761185861,2.3061320125818,2.754806871139,3.02059490581523,2.29617450295797,2.83496761821369,2.73347089726271
"21",3.73916438547148,11.9066105465637,12.8262521874847,14.205242098516,15.102082466903,16.0210680853607,17.0046842463211,18.1392301858998,15.0442191363227,16.1038983694717,22.644309181885,19.7108423279162,21.380702558022,16.3136209348132,23.1334533677855,2.11722070801944,2.05961169769513,2.49237967891146,2.4572243519978,2.56970545774375,1.92326630532356,2.10969745126457
"22",4.97815969687494,12.2131525533842,13.1370168916263,13.981707950581,14.9835513939467,15.8564587919929,16.9984957233975,18.0288630093249,10,16.885069542522,15.1695026113138,13.4747079919467,19.4747438177728,13.8247736716601,18.947150419702,3.58225574936056,3.58687462747094,3.37209764175195,2.95538941839534,2.98708345337063,3.36344965633567,3.27357399411282
"23",3.87522835290469,12.1234276934214,13.219404283802,13.8820550286154,14.975078764292,16.1585326161669,16.8315156492114,17.8363944116592,20.0572987740527,19.3977212407984,16.2204953315141,20.0080859414557,23.7311266895491,23.241812835553,25.8365692209369,1.18224876814457,1.7242744371115,2.02517529515454,1.62230370468613,2.60157624529433,2.52669851307317,2.26903957330371
"24",3.54587521523397,11.8663735322934,12.9784949681805,14.0519916609528,15.1539609953798,15.7865727515278,17.2386913991732,17.7106733640304,13.2090520203546,14.7167692892073,21.2620541961103,20.4058247429974,17.571303981817,27.87713351334,17.7815320194646,2.17106864652543,2.65735866690161,3.08603774812264,2.44833509292989,2.54872930536586,2.73128062432968,2.29375057829309
"25",4.10863322132432,12.0807837952211,13.1108763403818,14.1151713697508,15.0268469543339,15.6760344274246,17.0414246131714,17.8034779783367,15.7981072378572,17.7466573005863,19.4150299480764,16.2322336138088,18.823020280597,22.7723660953863,20.7281299342751,2.99387986303782,2.76099702592898,3.30760435754445,3.09650835169028,3.02971485342259,3.09293690160177,3.07777280533639
"26",2.5416396722727,12.0981895760342,12.7913952154193,14.0771489018442,14.7373123188509,15.7859424612087,17.2178701743486,18.0310699453392,14.1288340684323,23.4777925856769,17.7968900906388,25.8378244342331,24.9797745054211,30.9572018715899,34.4459872257088,2.51724013762982,2.88828944553621,2.74300152758848,2.89809638692824,3.10803584122686,3.15503635631216,3.307159610843
"27",5,12.3237438369765,12.9742094178944,13.9987780920958,14.7738986550321,16.0134972190243,16.986389885649,18.1420833200545,21.5598446673468,16.6929189515674,16.0823655755932,21.5514367424039,24.8069972654955,21.3420960579452,27.4438438989767,2.1093968133284,2.04708074668643,2.20034757456435,2.25254109729783,2.24751962051317,1.6583307360135,1.99555724042555
"28",3.61828353967383,12.074446100957,12.9354518169169,13.7592646652355,14.9696077999886,16.1192570471103,17.3328680320033,18.2963145987645,19.1906436985009,10.279227137601,14.4990094670104,14.315352895092,18.3205929604267,22.455674984402,24.3258489947842,4.36462222410421,4.10216535968096,4.18918718844255,3.67152086824468,4.06308648361196,3.42366735017705,3.38283421900058
"29",2.65913017685112,11.9398510728794,13.0327093797094,13.9789758378536,15.0779981493899,15.6943225208137,17.1860598279361,17.9836306179116,22.0573455481316,24.3237522887083,21.9093315146179,28.8580827561889,30.9570973179843,29.7029044810702,33.1060527632856,1.6834551622575,2.05562349550062,1.28142039582371,2.09467063885527,1.73231768881357,1.99207856542035,1.87805092214864
"30",4.47206742299215,11.8198125724495,12.9321445077858,13.8982615785218,14.7690558650984,15.9286474390313,16.8276778064401,17.9995091883574,12.9254126970397,13.4442575151092,11.1826981285067,14.0821072487589,12.1504685103324,10.6035012933041,14.4243003346898,5,4.70367696516165,4.11567264028001,3.74272788413651,3.89778835350887,3.9637621751418,3.74691021302911
"31",4.11940344901543,12.3027170931176,13.2161768711626,13.7077032141647,14.6297849366195,15.7496961679094,16.805679615538,17.8007922260764,11.4173662190849,10.1396822571525,19.9832011517038,16.69128300648,17.5976527659538,12.4880684637201,11.0122511976576,3.2767569154933,2.75633690833855,3.46669608898686,3.71216027373872,3.64167604777269,3.31121175428195,4.07670128002637
"32",3.4176723975751,12.0318484747405,12.8014387385264,14.0827136003357,15.2174195741357,16.2177345863385,16.8668018423614,17.7625582789581,18.6501623825,19.6659957368364,14.8276751250937,23.2653217379544,20.654205005351,21.5560445703074,25.9522439239662,2.65314265315695,2.88092424159245,2.95241273756053,2.89772754266872,3.19966158248295,2.64360001258387,2.74136109956851
"33",3.75109914756911,11.9461147201554,12.910905393363,13.7671629141168,15.1499549292108,15.689258552087,17.0318939832179,17.9821022848982,15.0725725457404,18.174804890886,13.824218469313,14.1327220033212,19.9861854166979,19.127963896416,25.5850882794339,4.66831845727175,4.51335794212846,3.79345731737955,3.81504401869754,3.86554246702826,3.33699437329051,3.65186451542152
"34",3.8124372052054,11.8053972983947,12.954683430573,13.5943004782273,14.9687337206147,16.0027099511494,16.5426725609831,18.0343647968657,18.4539362332999,12.5915124247653,14.7687933511713,10.0107351479996,12.8555869127226,11.1044923415216,17.562105990691,3.70292617558808,3.91718169541928,3.42931875617807,3.6485027433442,3.32836961859209,3.12387578395859,3.68772585420305
"35",3.69095479632405,11.8799540325439,13.1120309779707,14.0149838044491,15.115460970306,16.0476577995047,17.1381072130058,18.2684465201694,13.63258366287,12.9476745671796,15.4779877482858,15.7745473053643,18.1280721896983,23.2044771802768,18.037676062547,3.76410802115313,4.32574352634033,3.99184900819109,3.68418551740251,3.42821223468054,4.25590709955508,4.10443491571669
"36",4.37953532515853,11.8019079942029,12.9948271771331,14.4345825153275,15.0472697650079,15.5644063376955,17.1576885778566,17.8788938857678,15.7554756394291,10.7164262521201,15.9346076426525,17.0550357689488,10.2593908165718,16.3032248434536,20.1596683879423,3.73116073735089,3.79275572515486,3.50656171726899,3.58922851452771,3.26756672615603,3.0478083561433,2.85751094650715
"37",4.57972273543914,12.2433122404897,12.9335189102847,14.0232287173786,15.0327507037062,16.0069712030813,16.9179331331018,17.8606349216713,11.9818816744448,13.4313353212206,19.5019378305244,19.0901505703986,17.4567318438133,17.4984668644719,18.6861028978704,3.3336144487232,2.54385490596665,3.18050155275327,2.843643818618,3.08965466761406,2.57657156501824,3.02296915210696
"38",4.07175389758821,11.928075595376,13.1747723832125,13.9101333413845,15.1037130945645,16.2590047180499,17.000258651589,18.1665682984593,21.4156006238947,22.228125544364,20.3350127002246,25.3817687825564,28.5030784171829,22.2196294404825,30.9710560906703,2.80432533545806,3.19590481361668,2.68530367368841,2.71615535645265,2.88631103989419,2.60139980474207,2.70507168061511
"39",3.81922581830441,12.0547176792646,12.9548899960894,13.9068929976473,15.1234828226526,16.149785829626,17.0533077195307,18.1390573018426,17.2586545959634,18.6062599577402,19.5108682620891,14.3621637309709,21.9151245230655,20.9611035669603,24.0670468189927,3.63868965840622,3.86421853193005,3.55820912443798,3.61563845358658,4.07293819084013,3.55661666614328,4.11747590837859
"40",3.33566729824137,12.3753174818205,13.1616315800029,13.9350775279205,15.2065910434401,16.2557734319489,17.0648533493922,17.8675359108608,13.442559870817,20.6606106647169,23.3397796248152,25.0668001054534,31.0169803374475,31.7830479290541,34.5113400111603,3.17675125295598,2.71229175446286,3.25903641386957,2.33642249319642,2.40142287623574,3.2532856951876,2.17035233570169
"41",4.75776141560554,11.8671125212471,12.902610353226,13.9197529947075,15.0902284138794,16.0525815315009,16.993030726173,17.7553073648595,22.6159826908081,19.7180809587773,21.8348167433249,16.6138190446906,17.7669921138718,18.3846185603978,22.7781120638943,1.18062088387288,1.59015462501805,2.23727474515278,2.15283455637097,2.72555289508298,2.74608934202368,3.53590455044879
"42",4.58740453326186,11.9528750012618,12.8531923579521,13.9285117649107,15.0627192510383,16.0371730808326,16.9153936023696,18.1228035741548,15.9163971499622,13.2709507536113,17.1948262223158,17.4122209316936,15.1138759608234,10.0659064650435,15.7395284619102,2.87742445435194,2.94462676425878,3.29163249215125,3.41763172263863,3.07365874619682,2.90440016153907,2.71208299732631
"43",3.1928206424844,12.0626002318528,12.9153405309702,14.1323647523947,15.2214884252397,16.0266851463895,17.1742983054522,17.8981179940286,16.431700972796,18.5848062827066,11.2915134495946,22.192561488586,19.1352057233994,23.6911520314712,28.6109855733359,3.47139650716165,3.73418176724534,3.76052774826048,3.88000621156584,3.55691419743674,4.05718374751814,3.8559021834605
"44",4.26831832562558,12.1594836356483,13.2406448021371,13.8849482891916,15.0245448499554,15.9111280410584,17.0184675847878,17.7412598596801,12.8328559996554,15.6911996115144,18.0638086339664,11.7967266277143,18.0445924664824,16.6789858785463,20.015687663866,3.08918584690059,3.19007011507908,2.70828423002964,3.27553842453093,3.33559890668156,2.66614818786129,2.66617700856031
"45",4.13556722300559,11.6897747806096,13.2096583376954,13.9903764609,15.1245610251524,15.9452218705802,17.0788213680328,17.9578239283495,10.9124704648301,10.7293942484529,17.6934955633412,14.2772028378644,17.9050825948418,15.1332652128164,22.1257352485535,2.59846167716707,2.19443686865066,2.80653195110373,2.48691313978945,2.63776261051494,3.09022399932189,3.20247294118993
"46",4.75021671889031,11.6042312851465,13.1451761686984,13.5316297172926,14.9664249615434,16.0556787760403,17.2973690669431,17.9292618217248,14.7489012104706,19.3040629100439,11.4292801392395,10.5885816528874,14.2166818963493,10.1942527621404,20.4842123564302,3.73387049359397,3.34091428179136,3.30270757833856,3.38676367020084,3.58439669922833,3.10076411652678,3.54821130007122
"47",3.47502083640228,11.8214243717489,13.0430124609833,13.7673143013448,15.0470621836888,16.0264663128997,17.2271816165464,18.0327570189393,21.7973333290856,22.1990362976113,21.1651783634602,25.4564459167031,26.6397053837271,23.237910294871,29.0353867372211,2.83391414462339,3.24464163223818,3.29476255656654,3.52577811773899,3.9846556039941,3.58880140122907,4.30643521625292
"48",3.74735762866662,11.8622128741944,12.8636578910179,13.6964063288182,14.836722929873,15.9477708460394,17.0457262528054,18.0019255303296,15.1066086230489,11.792213938223,12.7117629948158,15.2417896686083,17.0389881422813,28.5720769953221,25.5459913802707,2.93323075223599,3.37160537571513,2.87220049770548,3.34060308323792,2.97227427962078,3.14884673918393,3.18064086920534
"49",4.39357153178628,12.1101952814226,12.9189310243944,13.7662272516407,14.7028767404024,16.2375829067014,17.0518478424357,18.0372749415532,19.1334806270641,14.4218525157061,14.8912678124138,18.4316741944694,17.8573567394294,15.8058365644256,18.8807052143726,2.6579740704272,3.00847556953742,3.20924302347714,3.82967812310801,3.23150305706259,3.37449697346094,3.47378939484261
"50",3.33326240540481,12.2032165865271,13.0076009089016,13.9318326354115,14.8931799966903,16.1562159730545,16.8898969118185,18.07731721034,24.8064694304679,22.0211475643017,27.7665001607808,18.9404530817499,23.2237910245123,20.8841916117535,23.221675791437,2.29380207394715,2.41910323376241,2.77815583295796,2.37735929687698,2.21841951168536,2.6452966715641,2.69587637807639
"51",4.44287431934744,11.7134247864833,12.7432678902332,14.0283358931929,15.0436593362882,15.890154067598,17.0054974803617,18.0769038152191,19.566634994751,12.824462396317,13.4919693393464,15.7747962949138,16.2460024091495,21.9997126210528,25.3733561998418,2.10209725688521,2.35834371746332,1.90527524552019,2.93570324733032,2.39365234174422,3.11975176666165,3.31754154742867
"52",5,11.7982227439026,12.7434060323058,14.1870437210008,15.0673259682589,15.9258506778663,16.9090746650662,17.8564118529532,19.1633461330336,13.9149018579568,19.0724725433879,17.408367034824,20.3901088988078,21.4294872654712,23.5387530497523,3.31588610110023,2.93790889207795,3.3236823727958,3.23789222330007,2.68228587978725,2.70761521071529,3.43366593659463
"53",4.16533751626002,12.169074560356,13.0063201204006,14.0604253641951,15.1975054531901,16.1217160329883,16.7274600306463,18.0637871938532,15.8969687773807,19.8173799783515,18.0887092428844,24.8009016803172,22.5050360289482,17.0544980908832,23.7211311821415,4.18518174395379,4.21152110847505,3.98199352398471,4.05875682769236,3.80868812034122,2.81082524426751,3.3501146515713
"54",3.59833716481419,12.0014218942773,13.25184125158,14.1044822184509,15.2299204206933,15.7851718287306,17.2459490758649,18.1840554245031,11.8515280402883,13.8992298066527,13.994898776715,16.8938245946807,18.1107253354786,18.0330647308072,18.9549988278202,3.78446244489053,3.34370751392333,3.94396286382937,3.20862717689819,3.62716175706484,3.32793025346612,3.30221235502265
"55",4.01566924777932,12.115123411398,12.7781735142816,14.0924668559393,14.9321381300352,15.9212672889051,16.898353431192,17.9819026992663,16.098534512882,11.9421661812014,10.8329049068339,18.3157188159751,19.796459860692,21.3099792953212,16.1714822415613,3.69371548795247,2.95735212022301,2.88489356957923,3.54439733769962,3.90361620958676,3.54896655099886,3.52615654168386
"56",5,12.0151573915609,13.0185238380517,13.9123832899457,14.6502751525413,16.0368027623589,17.0696819354903,17.9587817328651,10,16.17630165469,15.5902268097491,16.3644703582023,14.6039078830196,19.5973351567135,15.7948696201912,3.67864572284995,3.88086220936579,3.20254849979639,2.86361085931878,3.22161923219394,2.91623548544905,2.80432068925502
"57",5,12.0185954212335,12.8890203604274,14.088197916838,15.0436884913894,16.0412134226289,17.2676928982764,17.7995528717614,10.6605999705945,12.8760876222588,14.3545291570825,18.8080453247835,16.3667110010735,21.9793652175548,26.4322854526325,2.9538660230588,3.14227912989067,2.73372108190009,2.65819312469818,2.81941789108787,2.83342829589594,2.79659025695356
"58",4.10343412206496,12.0077772804812,13.0516135438408,14.0557796366159,14.9610214260965,15.8710402382423,16.8697767017882,18.0173811733627,21.249967643654,25.4181128244796,19.4818639412504,27.0828569872069,27.8506443960034,30.4892228960417,30.0023288838221,2.36965673923263,2.24546167207059,1.96183078358434,2.33280855851835,2.35216666416247,2.86744066692938,2.75204181606432
"59",4.39950082064366,11.6862425314321,13.2975615501962,13.9259606916071,14.7672439878532,15.915406763776,17.0640110972108,18.0339645079695,14.8039359646453,20.5245145795108,18.4582028857133,19.2371645091851,20.8847431009914,18.5710761073829,29.4942767076494,3.04276145405621,3.41605849319877,2.80303968936532,2.91257045571256,2.46146353619268,2.45332771804934,2.67080001418477
"60",3.79527967390625,11.9734397219948,12.9255197514695,13.8952764932993,15.1788576545582,15.7548659315482,17.3006564790738,17.9457710219425,22.1633446145516,26.5431330681767,21.4254992344399,24.0069245642697,24.2030638151095,25.1092680724793,30.5729347504944,3.21409859077975,2.78165892528988,2.5922357395916,3.07196219492588,3.43432620189902,3.00957946245957,3.25302893779064
"61",3.36084075794088,11.9331179511805,12.989337022506,14.1937149347706,14.9267937743168,15.9437375678182,17.0706084180593,18.0263365870056,14.7222771992573,18.9934527432261,10.4982401914114,14.2192191885329,18.7946330972039,16.4391016497888,16.6095674643616,3.92670565214762,4.30218824091348,3.56748221968295,3.67064318829452,4.25458080386884,3.1237449886179,3.42300982530708
"62",4.39598971732494,12.030885144486,13.0637490205717,14.3034411301354,15.2761802665181,16.0129519812293,17.0724590826505,18.1519268276663,20.8498946139421,18.7882662817213,24.261881086536,18.4598664116156,22.1766140743047,22.6341228350612,21.0640329127756,2.04776533445096,1.62771083989953,2.34165297264246,2.62234622896988,2.29368535553586,2.56939319786269,2.58001132406256
"63",4.10594531705787,11.9406472359405,13.2287427488377,14.0727865363112,14.8995417470495,16.145448141396,17.0362012042149,18.1817938416421,16.7967349426729,17.8163200838987,13.1715270338883,11.7634438179798,12.202758874094,12.7175563814389,12.2707670077633,3.37512370411439,3.35725373245183,3.40434389773253,3.57269761218103,3.43964035625785,4.20289502589823,4.09532648277453
"64",4.53260624298504,11.9829952678123,12.9927024880068,13.9054240929201,15.2055275785891,15.8741839843675,16.8764570253038,18.0765840615579,16.6898401440248,11.8931436416366,17.6676777972867,18.5513597668473,19.0855014302772,20.7300303953351,22.1392455484844,2.55704331384622,2.53962126450975,2.32699699138869,2.89279492416705,2.47749307222273,2.64149364046988,2.26964576627994
"65",4.02553845937745,12.3811945247046,13.2227200314524,13.9919883626112,15.0884977533943,15.8575460725384,16.812666566638,17.979134511576,15.0593662558179,15.8091486895629,10.1863396867105,10.020313660341,10.6065494807796,12.5416726565762,13.2910645328602,2.29203531659706,1.98613112767833,2.17322044582043,2.66920578831608,2.88936213167825,2.90726024075145,2.79764436477511
"66",4.1807385859907,11.8262417168255,12.8122438883874,14.0153055901102,14.9875570245876,15.9172240686076,16.8861538787631,17.8571552676658,14.9218444771954,15.0584361738189,17.6233866592414,16.3208675560635,15.5172443312305,21.4033134694006,32.1866349932599,2.84036113227507,3.24158695798348,3.50286805940151,3.24992451153598,2.74187956468127,2.92820955343407,3.49642888990472
"67",3.36262971355597,11.8421000548965,12.9282100194655,14.1429283072073,14.9178143980351,16.0303122242281,16.9336507059746,17.885383887515,16.6434742574192,19.1448932742005,17.7595440169386,12.0549319885542,17.5628218340898,14.2088233043156,19.5722360517439,3.40895768513983,4.05357689379469,4.03110424887264,3.68880274121103,3.54675195917098,3.24818714378281,3.77166906779082
"68",3.26675673369032,11.7541060057252,12.9312574830204,13.9101507419909,15.6039778112762,15.9631863652291,16.9750145716105,17.8329270233515,12.0499463838333,12.4799625735151,17.4569666419491,26.0395021947657,19.8649283590905,26.8172357717013,29.5497094965364,2.72626674938071,2.95792168025055,2.58840312512509,2.43455869342883,2.70519072489013,2.58114877465688,2.48293304527073
"69",5,12.1200099462999,13.0756191449451,14.0401007688518,15.267988360516,15.8455760450685,17.1297998673197,18.244503046256,16.930514256994,21.106362090234,19.89683056005,22.2017855033963,17.7293670648366,22.5518653282306,24.6521883981123,1.92210308332715,2.23341149656765,1.90001997211259,2.53263210190075,2.3338856480142,2.48226317842671,2.81756463894861
"70",2.43736663505245,11.9350028694105,12.9631485577355,13.7923071352616,15.0563106705963,16.0677764441657,16.8288540389521,18.1302185337938,13.9616927335987,18.1074136447412,15.031907104166,19.0278597075085,16.1941912520097,17.343315364806,25.6441669255133,2.66888938305812,2.45737916077723,2.70613431164162,2.80145982921629,2.89906133352543,3.06691393100849,3.43738940751583
"71",3.46809520489309,11.982127347503,12.9606093509354,14.0164342470575,14.9073054320436,15.8531658748887,16.807541755714,18.1352118306873,13.2191570463518,15.2552967428284,19.3854533510734,18.5430127009771,12.5130513681162,12.2830257817264,15.8025655414381,3.35462305084357,3.31978559495479,3.18047848299619,3.20655652025941,3.14341388539315,2.98606321713067,3.13960237253918
"72",4.40611401765006,12.1903319885376,12.7412445171403,14.1381275884746,15.3416322825213,15.9430470604233,16.9694881235445,18.1271760189447,22.2315789801217,23.1407663622285,18.9088903633467,20.2715137989518,20.1060436533592,24.2537112893807,27.0064376006318,1.02200969082169,1.44815769712336,2.06331041316742,2.43733351633987,2.21944719094384,2.75293435957786,3.16324940931249
"73",3.55048815286218,11.8441606421276,13.0906322656015,13.6721695762178,14.8385675191372,15.6418860736521,16.8627782365597,17.9434073835158,19.2936762448816,13.2574957106625,15.811867298304,21.914085690191,22.614081317729,17.3813909077778,23.6603489536871,4.17334632517519,4.21591881358419,4.06295930771392,4.25544350622342,3.90088366503223,3.07350128547484,3.71905673895402
"74",4.08182105716472,11.9670121513218,12.8260307500469,14.2118914034322,15.0066190823644,15.9136175849409,16.9374930291291,17.9615377597589,16.5127338361095,16.0397882039951,20.345833538566,22.3729285378485,16.4472982892385,23.237252852431,29.549508786507,2.27422605094666,2.31458899062803,2.17017387099833,2.33928619748813,2.50808171817531,2.78329760974235,3.05931023787505
"75",2.87671103088102,11.9660211061071,13.2495764787502,14.0465980433126,14.9786642934448,15.8195681086386,17.3333901424024,18.0649287312774,25.3470768358856,16.3746277575121,21.4899867721192,24.671844495704,24.0166435668369,18.3377222623888,31.5320713454519,3.58618031126939,2.31182054027913,3.09190805337107,2.87613542599163,3.69156906443804,3.22008480085326,3.69423565560001
"76",3.91116610067846,12.2283079283978,12.5723129069231,13.957156213193,14.7874276682754,15.8331334880858,16.8546001442708,18.0680212781704,12.3820175106087,10.6359734113901,13.2166884189753,20.7492534051831,18.3864484581929,23.7592716070357,27.4041560567652,3.32812873631043,2.933661196293,2.9248845892205,2.75300276070856,2.740195699554,2.54175834401294,3.05350271950025
"77",3.50315470872788,12.0887148681353,13.1260446898191,13.8298652772009,14.8855905829584,15.7057845036879,16.7397862632493,17.9095783733376,15.3180165761485,16.6729237801497,18.3161142552949,19.6836245207451,16.3339701820972,19.3602124661435,27.4467689067078,3.22539166486646,3.39396893259274,3.00698449200677,3.06819740771635,3.15604557599463,2.9106556166811,3.00125630477525
"78",3.9129214323226,12.1216286137017,13.2772718158276,14.2280115448532,14.7664213895323,15.9362096789642,16.9742829688682,17.9990172657772,22.9021995711025,16.7156037619775,15.6917548461438,14.6296586880523,22.1959464431852,19.7957081854198,23.4928362385562,2.13422033940985,2.13932586029411,1.94613293206186,2.49334144594561,2.98992701046359,2.99149065046411,3.15779210953569
"79",3.69374250313663,11.9333034725176,12.7765749775724,13.7279053278377,14.9338702324318,15.9330779376866,17.232095503869,18.0403126521315,19.0980961698467,12.6845708210121,17.7466510998109,13.8589858820489,18.3043984827596,16.4776823398989,15.1089568629537,3.25489700378671,3.1171156305975,3.13990136264533,3.2677395606639,3.45890132765149,3.54880747978032,3.04086593259998
"80",4.23437780124986,11.9002391571554,13.0654180742164,14.0644270483404,15.3082495903016,16.066442222061,16.9091389069168,17.7591866259483,10.427765227495,16.1776709118337,13.8591468056793,14.4004613694596,14.446578496298,16.6467387126383,22.0847946288765,3.61567872049172,3.66767812585235,4.23146675486228,3.31601590908019,3.18743166827661,3.00574064621515,2.68147148023803
"81",3.53356143710436,11.8085292461115,12.8263149977561,13.9320032484739,15.3175237350566,15.9938361972161,17.2175033400754,17.9769307943135,17.0115240150284,15.1288378339072,16.8158564148204,11.5060011116921,18.1312265587728,17.1361031648562,19.8802043459771,2.78328128073819,3.10749234649121,2.64110182765697,2.73767282927953,2.78924705490358,2.93286958844173,3.5137864524869
"82",4.6220125672582,12.0743642004089,12.9231405918117,13.7209368984116,15.2165059321294,15.5954849446447,17.0169495327982,18.0037301789272,21.4543409114377,19.405970896363,21.7065518274491,21.550706249758,17.5434990246555,22.7013200448298,19.5864296230237,3.43009454661096,3.32828888296095,3.18906219074848,3.46440547483584,2.87763290871013,2.59116772395868,2.79145034005656
"83",4.05076843541749,11.6415614150619,13.1431867677113,14.4952560326379,14.6457739557935,16.0469546608185,17.030732472791,18.0562871907119,14.8324224157189,12.6675276382329,12.4437468872015,10.1276638666091,16.8886842995781,15.021293269933,15.3735040343709,3.03694688824364,3.23869398373405,3.55000129538468,3.26569883481726,3.52230651227717,3.9451650689876,3.31881627721887
"84",3.4980745313668,11.9132943691607,13.3103505855587,13.8964398310827,15.0622200304118,15.9529718875,17.0889650475103,18.0154424630421,12.9563875701624,22.8366470398807,16.2438020619155,22.496727715959,23.1454670167334,28.4535250952643,29.0717076794082,3.37303595030601,3.36142452386057,2.92110985562604,2.95414931762406,2.78541299805943,2.87214315138185,2.29797279514244
"85",4.60102774512668,11.5308790134254,13.1702582188896,13.9894652845048,15.0519044250193,16.2077327495392,17.2477671738578,18.0498203725858,19.5298528888601,13.7897560864862,17.6505068416011,21.6719368977587,19.3117994499663,19.4676564052701,20.7573879278759,2.84817396154516,3.17205621100272,2.51348346934783,3.09031767641479,3.38445677602371,2.96376930030743,2.36812410711448
"86",3.5333433111654,11.8999752640385,12.9952431837593,13.9179439634492,15.0669014178519,15.8829564110006,16.8008684434506,17.7569239407968,12.5983241789179,19.3628495490243,17.8401768939799,15.9491320291628,16.8854215487086,17.1466069829037,17.3327145316561,2.22238436434545,2.01992539855835,2.75348822803236,2.30084884061342,2.7643617524044,1.95879112938251,2.34648720729348
"87",4.48291104837697,11.7696816192323,13.0623902918199,13.9589233594585,14.8821427842644,16.0987680865325,16.8231531308534,17.8986437795086,25.3649859632388,25.357635763846,30.8101894919687,26.5045906542529,28.1540148110741,28.1995035730447,25.1876979004153,2.48737072530924,2.5175402018244,2.76447524128383,2.97552711838043,3.10426298612952,3.02018719648315,3.12051096356895
"88",3.11922578711288,12.0434547338714,12.9213034644038,14.379056038606,14.9680171342788,16.0678234043664,16.8480030735727,17.9947886220714,16.1138350431728,19.1307337493221,17.4383416758712,27.7316840393903,19.9156164055783,29.9200137753126,34.100919429339,3.13874473668228,2.75576170804163,2.22684871546917,3.04945513395465,2.04036329735533,2.55573493338234,2.38804163894501
"89",3.97564703385167,12.0761667494158,12.8813109058093,13.8770279377567,15.0956188976039,15.9807480198886,16.7579564486003,18.0974341973789,21.2486204993952,19.4432818735442,27.1914327417721,25.7313097932794,25.5318169397655,27.6893351626527,28.7712716459298,2.07114086158582,2.6958383540682,2.69217121855142,3.16225103715709,3.31039905544852,3.64407632212168,3.97364003315855
"90",4.87862089551441,11.9068251828345,12.9310687391166,13.8582055134474,15.0858964855252,15.8555895820004,17.2406948217289,17.9589581812311,21.9215325896148,18.7638200397023,17.6756678779379,20.2542036271858,22.7797915839135,26.9387495081151,26.5536499963431,3.33047162331447,3.51773692609799,3.37414062618729,2.73796125258445,3.03776749611907,2.92115850500944,2.39927655962324
"91",3.8840472552504,11.9301934679577,12.9640110028981,14.2358219508352,15.2557361205907,16.2508414061628,17.055421829172,18.2995034564105,18.6235679252489,12.0243846191452,20.7945840210083,21.9841414083902,22.245365331429,24.6281992793673,26.6663128894624,3.49405412962474,3.45223682374344,2.80054607914542,3.2528816995082,3.24762012436743,3.36312002695037,3.02253602277664
"92",3.94309913446345,12.047246146798,13.2072483001508,14.1815674363071,15.0826640331161,16.1899100612041,16.9687780197622,17.7845837135137,13.4706130884027,10.8785504350437,13.2527312372987,19.0974412949424,16.4595519210326,10.3056126607815,18.2348271031168,4.45345496986973,4.14585139974873,3.9196758988654,3.90751175829658,3.61313643721175,3.06570381879869,3.5898808848642
"93",4.58119368755819,12.1104980353908,12.9191352174655,13.7561731011852,14.9983998952849,15.8484768037767,17.1918386891704,18.1971619674851,17.8588082106382,18.1763101136361,14.1207021301236,14.0894454332376,13.1376051351196,20.3701543860548,19.9506346164111,4.6993655087371,4.63334720689561,4.11011018217348,4.20334480931123,3.70064661618345,3.29967042644932,3.24475866035335
"94",3.71979291495798,12.4325031060692,13.4337316756699,13.9864451686421,14.8515714920407,16.0135955647435,16.9154679568066,18.0238409445712,26.2482266224437,19.5828971303027,20.0886068998852,24.3157182567372,22.2872735013368,24.2349628786884,26.5763138819078,2.76628007098159,2.38327787985097,2.60399918616251,2.66399174120114,2.55385971197273,2.60443996696391,2.82220851138947
"95",3.50602568903383,11.9610825145148,13.0832322240529,13.9127598697616,14.9751370057382,16.2251288717074,17.3617869753275,17.9697372122707,22.8412456969824,21.2574668068392,18.7439915991414,23.33985807422,26.8774097948038,21.0068257822102,28.109562179053,3.52107436004196,3.76935147866559,3.1074739445192,3.55176734292351,3.22116494666269,2.79367333741293,2.65475332176873
"96",4.56841585635092,11.9213024964494,13.0989536121601,14.1048887664632,15.0358550158858,15.9367185687768,17.1674677120073,18.0809881492769,10,10.3697960277572,10,11.8106010958825,17.8277480525997,16.3285719364617,14.9358206800414,2.65640847591408,2.96922200023269,2.32295031039184,2.48552142598686,2.51466637795051,2.8723627407617,2.99338612025662
"97",4.10433865784958,11.9990246753147,12.8919128139095,13.9367216129664,15.4447140481433,15.6976436427514,16.6736211939781,18.1857529849797,14.7857304933391,19.1355041470445,25.2097194758432,23.8232163710215,28.102915847781,30.0386781318337,26.8625148819291,2.84449802091598,2.59572801733987,3.26164626771122,3.02853551813376,2.76060452053808,2.95376698294723,2.38403583337636
"98",4.78425880816187,11.9668810026563,13.1177828230575,13.9898169311885,15.3944382786252,16.159813811874,16.6465143003363,17.9527887443609,25.9255920367982,20.8109390811087,25.8526701081705,18.4222059740357,25.1345197766945,18.1088594374333,20.3008491240417,2.54674402916441,2.42873009886404,2.65642205692533,2.93870801299129,2.86456060824324,3.13233401780007,2.83788508966787
"99",3.82311799447077,11.6141296547434,13.1251421355381,14.1995014504329,15.1197652267226,16.0315883279542,16.8041132501777,17.8232868526506,27.0462578049408,26.7967356275616,24.5379084572625,21.1708507752537,21.9528241017767,25.8492370359809,25.1387000758623,3.09563890120367,2.83609527351875,3.24500843438105,2.91706909793935,3.45395823796299,3.4510975075895,3.83903410951441
"100",3.69652803225769,12.1053857149855,12.9002962106735,13.7739693134906,14.8578409698322,16.1186026645024,16.9281974758437,17.8803422822633,15.4551912790645,16.7642030900612,15.1323020489314,12.6077311242172,16.0131144944174,18.3675182714579,20.7517130005999,4.54537299583031,3.95139702755472,4.00381418141551,4.18115884230472,4.01426598403168,3.95434918116154,3.88269791621111
"101",4.39636528402443,11.9642505271249,13.1065768891033,13.9130115341146,15.1608383871899,15.9682236877161,17.0949652351282,18.0843486681642,13.9024488439154,14.6873359333233,18.1389734841156,16.804041199585,10.1523243877491,14.4178648633034,20.4908797946549,3.38451922789841,3.48651411915434,3.26978696535315,2.95238391607655,3.10646943548756,3.424544330203,3.37834648825368
"102",4.4829314021983,12.096910345175,13.3549060892069,13.9955211766854,15.1710378710197,15.8766749451025,16.6403415234542,17.8648536348961,10.9092267687042,14.0413640922382,16.471783860724,18.8443263355238,18.0759553955287,17.8618931242029,22.417041354675,2.90591815767469,2.5146965556311,3.28130114935272,3.35809757543109,3.28274391168354,2.7538395123592,2.98047069110827
"103",3.93266190024418,11.872324560259,13.0369111999519,14.2762187290406,14.9428094469411,15.8709578849376,17.1564677729567,18.097970761302,18.0731792011146,17.0667951007787,13.3938530547964,11.6187683314707,16.004972795931,17.1405793558588,22.475083328875,4.70625681569643,4.24037441921153,4.23276318306075,3.10299469485675,3.51256830041514,3.42095482278393,3.12519113339386
"104",5,11.7980806753368,12.8191398702971,13.9880307110202,15.2229153493398,15.9868136274949,17.0525184214931,18.2766434627012,10,10,10,14.9871788544573,11.1636812415625,14.350080079342,18.9621785596398,4.84815739932448,4.20673180081259,4.70777148586848,4.35844571194907,4.64266396823851,4.35020984243325,4.15496778349016
"105",4.04322197200107,12.0652067254192,13.2769734753016,14.091679755634,15.1021305979196,16.0460106482208,16.8521399460233,17.9879421970089,21.6963677923307,28.2633411534241,25.1082279142111,21.1533670164462,28.5398751839593,31.4814614530936,27.6459245286502,2.71707153745188,3.3535003711473,2.95010600094335,2.90461292588664,3.47115344856974,3.08926187037455,2.77243370319609
"106",4.43951097642036,11.7981946798099,12.8519495446586,14.1095260473498,14.9253992448463,15.8065732052728,16.8775475238759,18.2376856838804,15.9276716161431,12.563058202936,16.8250169013703,17.4742998438164,18.9910797823535,16.3319697149144,21.8174129491569,2.23541939822733,2.62272704915989,1.99548368610457,2.61219943982516,2.75077435140721,3.08569744212293,2.82553511419012
"107",3.21783725561191,11.7880887428471,12.9091564619106,13.9307272167166,15.0563674157917,15.966204731859,16.7717560131261,18.3132522177464,23.536470634114,15.3739063699759,23.3583418352777,21.4070883913589,24.0824785391394,25.6609497312071,35.2355229350433,4.58183371920008,4.12624464880656,4.50819202125845,3.62255349063235,4.01002049399308,4.04080312522817,3.75926387045489
"108",5,12.2853118071983,13.2508521349323,14.0323972734998,15.3902455774943,16.0434861925455,17.2367755169327,17.92206230123,16.6624293706736,13.3538242461548,14.6541125900204,20.5239980564783,17.4920688464445,22.8075076879188,23.6893158719066,3.18822968281572,3.13289990313398,3.21959568580651,2.88844878192389,3.31265977447638,3.56824063174319,3.25887532002312
"109",3.72468617242184,11.8223196653618,12.8894490252486,14.1949310268591,14.8767114274123,15.834185668852,16.9538705884139,18.1451639636755,24.6149081293002,20.1319707549323,20.0986217846683,23.0139960056785,22.2586136182666,21.8559000647315,21.6586547710713,2.28629245208969,2.65784904017527,2.80966909807263,2.8871534787079,2.48201086933363,2.81935493030269,3.19449699327736
"110",3.63436892730742,11.7990661094882,12.9930931166719,13.8473298632041,14.8422777613996,16.1093996335728,16.7559171847018,18.0519188737716,18.0635830908325,17.6312853765362,19.1793748852488,21.2429976222031,22.4920883855824,22.3399878336062,25.7206603325143,3.36476730751315,3.21586236882096,3.25307421096596,3.55980479508434,3.65364736279152,3.127257933625,3.98728607884054
"111",3.20201420518887,11.9673841136651,12.7530109054403,13.8816308483233,14.9290168933873,15.9192237376229,16.8823600297302,18.3296199348159,25.2769489075788,27.0699678852823,20.7269062529669,26.276773663628,25.3521926303818,26.1682165936656,27.5827357559436,2.05505272049936,2.77336438404668,1.86565825573128,2.50728603273414,2.97049033223693,2.87269717167813,2.98872841689934
"112",4.09792409536385,12.0125395841973,13.078185736187,13.8172044183212,14.8897701582473,16.0390588176058,17.2464617040197,18.0327330328718,14.5635722149457,18.0354944776756,16.9890472138723,23.3484483639132,21.6980439757435,26.3923807276937,36.2824265271312,1,1.17595259801068,1,1.13150565715096,1.29182440258075,1.13544944561164,1.33977586090641
"113",3.01726933322435,11.942371960424,12.9432244955669,14.1741673044063,14.9377220651869,16.0391862262744,17.2301938529761,17.9618335779456,17.3702127771197,19.9377393482728,19.027313681985,28.2964701364624,26.0622755242073,29.7504977957959,31.4446824250852,1.81974547319054,2.18010944211148,2.18798484976402,2.88142788277467,2.93418183403242,2.85779504411823,3.13924456195138
"114",3.28528369806347,12.1840722758833,13.292387734182,14.2948000226568,15.4124160269441,15.9269742464198,16.6807314736694,18.0411847680416,22.2882555760593,22.386032572601,21.2128447828039,22.7233173154767,27.9308421228118,27.4034640725012,33.313639731647,3.15432228949389,3.25113901688297,2.85193492083252,3.1934242868487,3.08187224827991,3.27965095334452,3.62861446420728
"115",4.02910418370446,11.708225048189,13.188153545501,13.9931723128532,14.7137572019373,16.124637195804,17.0924739265418,18.1429011639359,19.6123112440321,11.8765435669179,15.9354112679151,20.1557686020961,14.5778991073339,24.297200986978,26.8679428441674,3.74871414428009,3.67462238033572,3.74198749566144,4.21022611563178,3.945320323942,4.23596298295302,4.36809554658621
"116",3.09321416138308,11.8853779629571,13.0694935624114,14.368640578067,15.1049135903779,15.6746543425391,16.7945329278692,17.9809291996136,19.6291426222965,11.9747965127388,14.3211591067569,17.7929619322367,17.4391566094026,13.800342763397,17.2396453222576,4.26974750713689,4.24584234148112,3.93577690382306,4.02720174577838,3.49819267282318,3.30872891727208,3.03160286612656
"117",4.04021179775607,11.9962184851324,13.0716461180746,13.6709212199551,14.7330484458699,16.3476761075924,17.2811166279946,17.9192793950143,12.9334312669806,13.4990659034638,13.6799340609451,12.4808267767864,20.3637179228254,19.150096302619,24.4175010451525,4.45021707632742,5,4.96752509587989,4.1401718477638,4.07418245860818,3.93532079460217,4.06891390981561
"118",3.92849112719052,12.0153579917598,13.0255455297797,13.9518851923347,15.0846511549244,16.1032156158201,16.9905513286375,18.2708656126872,14.5052101808434,19.9214583812564,17.2209905561531,13.5216806774661,20.4716031881218,19.1516128204469,18.3090785181218,2.71714033885113,2.53280108620081,2.61297690337887,2.39035315908146,3.04843928286539,3.51671411739613,3.41361077943332
"119",3.69359117814501,11.9661749488546,12.9914234011322,13.8996578383795,15.0921870684568,16.3126311575494,17.0813893229161,18.0357591835411,33.1038584002181,28.7067785461094,31.9422192961691,29.5520432385183,29.9557128870044,31.9780307239402,26.1439910426346,1,1.46152653769354,1.43268091665065,1.73595804245822,2.40140922732304,2.51448733476194,2.64290941173516
"120",4.28160929728758,12.178431757431,13.1815658397545,13.7595789181298,15.1163619419264,15.7715812177054,17.006350193698,17.9056209308322,12.6931535964684,13.3119551451009,11.8998707104527,11.7669554853056,14.884714126239,15.4489756349741,19.1763499320302,3.26782199321303,3.39790488734079,3.07123282750065,3.1447848952011,3.12678047172117,2.83182033766701,2.81442405873172
"121",3.76230709006678,12.1824188290149,13.1302060264387,13.9691889513154,14.8010991538711,16.173192905256,17.0030467786516,18.0103265396315,15.129906175277,17.4605773383748,11.4672978560343,20.2487052626654,21.3063312889989,21.1663188521796,20.2613201026542,3.77355578430932,3.38150584057959,3.29712256148255,3.66506477751075,3.68210180801463,3.82103614206939,2.92851274181932
"122",3.96870738470421,11.999292888207,12.669035486832,14.0691327456176,15.0140802524422,15.947080127004,16.7407307831305,17.7278582083303,15.5641964845459,17.7266263194241,17.6433478770609,23.7565751726371,21.9926552411692,20.640651590358,21.578870398974,1.97483675955133,2.40248915200818,1.92771572810514,2.79391276969032,2.86263667184261,2.40453277675679,1.94263204773026
"123",4.299603463841,12.3861735865647,13.1146839141345,14.0964541229924,15.1174921536609,15.5482893809478,17.1202895349487,17.9319383500961,16.4970006569386,13.6970760528948,17.8845528794963,17.5009307720817,20.9255280566273,21.8878349987077,20.2717689196315,2.55759626509498,2.5178233127948,2.36068335809317,2.80627685953522,2.92963506037068,2.7071284574756,2.5722089691264
"124",3.57502513550127,12.0471553723665,12.8115714674865,14.0295962237593,15.1899040289088,16.1000279147297,17.1903221669609,18.0426914020825,12.3089510128986,18.3928960900242,14.6011277897842,21.2852617198476,18.719398305143,21.1608834029283,27.6852014640098,3.25227179995265,3.27237735887994,2.80117406119838,2.95589826137969,2.6680986232812,3.17966579106315,3.03858110548885
"125",4.61247247171424,11.9427010500839,12.9257028085226,14.2281967374939,15.1390136014321,15.7994279571446,16.8564465243942,18.231837409984,10,10,10.9009273027381,13.3866038835842,10,10.5842737651117,10.2035748658571,3.78122793695756,3.98997923603876,3.65419429745836,3.42579860870601,3.8923810825805,3.27128395318903,2.9019830587496
"126",4.11592752723958,12.291954180177,13.0612637385869,13.7794872116264,14.7051821745798,15.7849391119279,16.9024546026092,18.0284173503906,22.446076889307,21.0300350350622,20.2551656754844,22.1066560585299,24.7040543836009,22.7706435776892,26.5277651042662,3.01372592195322,2.88935280148987,2.63017328025046,3.08839404134827,2.50995787991236,2.57678055512695,2.86563391187528
"127",4.36243019740143,12.1349251463714,12.8784062377624,14.2703350308775,15.1184348529433,15.7056711694297,17.176997696039,18.2677103276613,14.6616065739222,15.1594812410343,15.9083694175277,14.8627815393825,10.6345476686879,12.8592199702248,19.1652515505544,3.54772737301487,3.09915156258107,3.24890230006735,3.52216802745027,2.75433983054179,2.47307733066299,3.64156038872169
"128",4.24500283799531,11.8086922607075,12.9133849844592,14.129263688334,15.0330180166148,16.0559859421166,16.6505629246326,17.8761639493731,10,10,10,13.5382352942302,12.8129945090674,11.7896477460585,14.4134259736079,3.68915894601966,3.25705370401489,3.29905358871558,2.94324726552289,2.98652850024836,3.46377150854497,3.19915850542195
"129",3.69821168515345,12.1154010659911,13.0341586045798,13.6594890396311,14.9686791594672,15.553734673279,16.6826037939662,17.9359441089404,21.8727283864827,14.6743780590722,19.2295439655099,20.0604921720028,20.1808498974941,22.3871237288723,23.9187410808471,3.22727954294299,3.08589805821176,2.98844887953475,2.6224148672563,2.61369465547616,2.43906971624681,2.61561108650532
"130",3.89950642715943,11.9226314348006,13.0766804876803,14.1598802022468,14.8904497854361,15.8139367930221,16.918506704542,18.0467285638843,17.9387414304465,20.9542912165577,19.8068476591646,23.92266105412,20.4925667620189,22.4782364855141,20.1796620810302,3.73340225270556,3.94454180415652,3.47277954732634,4.35510500647198,3.80800460113176,3.19377650749152,2.64191236339726
"131",5,12.0704099452344,13.2005250828275,14.1763285305844,14.8638261683604,16.1001439628482,16.9308386815102,18.0168920240144,16.4511406452656,15.6098492310323,12.0961076038532,19.9243475903766,16.4476335401172,19.4768727461123,24.7302904957691,3.18715463408547,3.14617477066534,2.96685534927251,2.79825872317083,2.81547365296195,2.54215871702824,3.02226228675921
"132",3.92719515105516,12.1571511565043,13.0623597971637,14.161912024148,15.0415282371756,16.1793991419791,17.1359009062087,18.0377050782653,23.4526769477153,24.1521584919276,22.2939191806431,23.474336710319,20.7505890746386,27.6326403647882,28.1346937575297,2.2546517845999,2.88424611594239,1.86695547914522,2.09029037219367,2.13102674057525,1.85988790438931,1.93583030661731
"133",4.4432677424263,11.6574262564834,13.0700702632085,13.7694507444258,14.8723077905643,15.8550836639139,17.3309070827617,18.1258609657514,16.4785882155828,17.1166752145268,22.3049546048187,23.1613628442645,21.3475128206775,25.130147804349,24.4039957656372,4.43795408202613,4.09321338625935,4.14091346388209,4.35748118164843,3.87547773108673,3.8472095612152,3.35410187482118
"134",4.06447004552734,11.9684587788889,12.9329254770944,13.918770474052,15.1687373411797,16.1388012693836,17.4084619236855,18.1036587047387,15.5494629938495,10.7611099656196,11.3079982100974,12.5170984642074,12.9403627320501,14.7331779956554,18.9195494877353,3.51480884102724,3.65447543920414,3.83081443790266,3.23967676790108,3.4657097687857,3.15353396793855,3.69513519322338
"135",2.71819873981163,11.81769009637,12.8831778016404,14.0974815445497,15.2582920648937,15.8369977477354,16.8278542054872,17.8016571416376,12.5817844380846,14.2383050993007,23.9739335001629,22.0357581563499,25.4543145270705,31.5181524395711,32.7199000844237,3.32826475229572,3.1270228869659,2.59656994999662,2.3184223157453,2.93715673710236,2.70624535154403,2.35764019012209
"136",3.15646840832884,12.1061128548848,13.1102966031112,13.7215089019874,14.7785784070674,15.9235314171519,17.0750922055567,17.5676335246559,12.059741213909,11.3054330863564,19.8759719760708,18.7055604316516,21.5474944614847,21.219730664967,24.6019339875396,3.41113047923389,3.18706607056387,2.50701405357499,3.07965999228864,3.29671011084559,2.83282915222152,3.20161126806386
"137",2.63627079179793,12.0371852789654,13.2069359721215,14.2368897054721,15.1303352130246,15.9982478685358,17.0440579349355,18.1379144027365,19.5457862271891,18.34696677924,21.1101278445188,22.3205644903799,20.6168625859086,28.8413690223546,27.3370913039973,3.58918931538634,3.32249239206797,3.10886239185644,3.30525455431981,3.11143900449291,2.9336133820255,2.71981313575934
"138",3.71777860068608,11.9757305906702,13.1712921871059,14.0375130426459,15.0355640935347,15.8804873735511,17.1276462105456,17.9418865766068,14.9490660589575,12.4204996178232,14.5139476976606,18.0566597827783,21.8826867055755,26.0816078553714,21.1313743832121,3.67539631394223,3.78416610065957,3.63692295010145,3.03228140517808,3.11524897935067,2.58496191071895,2.2874119678403
"139",3.42987190805597,11.9977725561946,13.1009740662434,14.0330721848508,14.7644607641291,15.9092592559038,16.8234268807197,17.9699651360033,20.7947758638121,18.2214147135051,24.9478815981524,19.0105754114219,23.3533172079482,20.977393582247,17.7176409175958,3.69838408530292,3.24707348659847,3.69003448457336,3.53867686381021,3.6263245793416,3.2307520234464,3.22412797613572
"140",3.61570246383641,12.1016855504025,13.0488917793789,14.2420298302114,15.3677913742317,15.9183596535259,17.1187535187374,17.7960199373266,19.9416314591411,19.6019479997102,14.1899334730694,12.3469843800171,12.4611095015329,23.2235430303746,20.1778442672189,4.19301010404856,4.39507124169221,3.23470110344138,3.3122048909757,3.07731058479336,3.45299097999253,3.35888702942893
"141",4.1892364270799,12.0092513553199,13.0823327172665,13.926308627757,15.2507127144758,16.1518615748287,16.9673731638039,18.0564559648016,11.4636929410742,12.3660638518831,11.165866133777,18.3185115250447,14.0067769646836,19.4963757969303,13.3711837358223,3.39119883024549,3.45798915271711,3.59271912141531,3.17816688975891,4.15663511066255,3.64901578798969,4.02780228902871
"142",4.3227476280123,11.9834231670366,13.1216800459101,13.7809582076795,14.9849255712756,16.2237173796373,16.9153227930232,18.1142046134223,17.3041458633738,14.0391806981398,14.679192650315,14.1507399205804,15.6800227343187,21.2186497365907,15.4359305975218,3.25751306452834,2.30691286888485,3.0460916472655,3.0362549053029,3.22294768459603,3.26430200806522,3.31251689684926
"143",2.8607493224994,12.1530422628809,12.9580642352313,14.0839747075563,14.8375279401272,15.7284104445507,17.0777295133765,17.9620192084282,10.063783419523,16.1033413041204,17.439766331849,20.5797950931279,20.0351330176206,27.2317193507155,27.2377187866542,2.80630072251478,3.67332320217603,3.30116457324259,3.29397504090311,2.7866755088424,3.02414055327858,2.68099837747396
"144",4.62475343797955,11.8539759504711,12.946375434785,13.9509615394129,14.9442634864529,16.2553922654681,16.9710023968075,17.9939133015931,18.7450979001321,14.4636121988344,17.0076956431315,17.7102769212606,21.2169039471333,26.463613333602,17.8058836713448,1.50703212326813,2.3479438738763,2.43911017450149,2.52567535489998,2.52968287560295,2.68983102191605,2.20299893275912
"145",3.53670534402411,12.0005427421617,12.7986641889197,14.1449607647211,14.7541788976358,15.8562339642873,16.8613704097364,18.1773068251168,24.9138989697095,28.3799411610773,26.98607064391,29.1048994715205,24.2798451808014,28.2122449557954,29.7850718063019,3.07444716416459,3.16975623087904,2.74037286980043,2.92317179485546,3.14617103971394,2.72641329371587,2.59776795184838
"146",4.87826035233983,11.6915696866152,13.0075877063069,14.1675981996953,14.7437352373532,15.784394099415,17.2406541875512,17.7964223088076,19.7500712043889,19.7171632267004,12.408960998452,19.7472028841564,18.5837610303623,19.6292731088064,11.8691010140643,4.2135819660412,4.03646963162041,4.0158113521201,3.74213821520366,2.88089047709735,3.02577044617711,2.70816283371835
"147",4.18100760971656,12.3064450475582,13.0733760104521,13.98180285203,14.9828332417329,16.0477691812501,17.0880756424935,17.9549454503586,22.7999788530667,20.3212041293643,30.4887348161054,25.1192184407606,24.7677779408375,25.9190513997551,26.8919921324968,1.69837661902801,1.67361230026258,2.6851615799495,1.54031906109194,2.23984331065672,2.25995467510362,1.67061329959265
"148",3.48437752057176,11.9041885588515,13.2068584831653,14.0552153712374,14.8055997710292,16.3952869978467,17.1245122985212,18.0107187073418,11.8435043021634,15.1330743255405,11.5908331303454,16.0124431303797,18.9888420194128,22.3167136342251,14.365702730185,1.88596314396468,1.66154101535861,2.45585246859415,2.4148633938421,2.33636152357153,2.48571140432113,1.95910103122056
"149",2.78295379356982,12.2539451373914,12.926544988406,13.9061156041802,14.8492936219094,15.8162176044421,17.0462503901854,17.7033794190575,17.0316330872264,14.3987187773993,15.946846633413,14.1730413615738,16.0718380705161,19.3864444941732,19.9680841506471,3.92377911550612,4.14566010324023,4.10933793669452,3.95867283597836,2.6676706499843,3.33818386036163,2.80305930685318
"150",5,11.6458638262057,13.151841905231,13.9934473345865,15.0643205283659,15.94156201959,17.0931610785272,18.0754047729498,10,18.6756295623453,18.123243063658,12.8725433670269,15.928334682025,12.9581826430601,18.0198954362489,3.1471134910498,3.87520168993554,3.38497852270321,3.76107123641341,2.90660198367863,3.81961426189596,3.37612714003658
"151",3.78900244830648,12.0344190069535,13.0197449994974,14.0188053388697,14.4787380346726,16.032468434407,17.3193888456714,17.8803615096756,10.4873429636853,13.4729495650941,14.8651268168926,18.4432214039287,24.5709114035044,26.1799019742433,29.7168628323601,2.87939153364996,2.79893761837418,2.97972200484024,3.34686233622667,3.16096818520914,3.38597158806065,3.15356794616329
"152",2.86792781206393,11.9476610455362,13.0244707506423,14.1693332779625,14.9950883776545,15.9872602214997,17.2479084484164,17.9595267281338,18.4956520965802,13.4328049254562,14.1758641330072,16.7206334806247,14.1452105675436,26.7940592225495,24.8041830594188,3.0038861637903,3.71863978512821,3.06294534307756,3.15811432813756,3.83867909674009,3.82763054848508,3.56983804267197
"153",3.78586608819387,11.8097261060253,13.1918344146651,14.0042699048753,14.8962161056283,16.0734330936045,17.0024327526216,18.1267269314597,12.0100066329525,17.8131275444633,21.2714162047386,22.9012655107812,33.0499297783987,28.3294530775442,32.3565234277744,1.60118171898987,2.04862498700122,2.49931742976191,1.56638635143584,2.02154001950372,2.16438998615681,2.096309002311
"154",3.25660341076765,11.9974391484227,13.0608191993882,14.1782916206369,14.9968598166307,15.9472057585278,17.0264038179473,18.2762455676236,11.9449455085306,14.8790142569882,18.9733145170834,22.04161748541,20.2996133871937,22.2541640918988,24.2687164911799,3.7196370075605,3.4374909988982,4.23403771747689,4.27609189082529,3.60869252558983,3.17528499298494,3.59732503128454
"155",3.6272113876657,12.0013655035208,13.2361740794212,14.331316808799,14.8989671694319,16.2385593586593,17.0816610414674,17.9551635679113,13.5032482374102,19.4483957957973,11.6654502114977,10.7423883255152,14.6406367897815,20.4940149095896,26.8611934461563,2.93153527480024,3.49618637166161,3.68151613113055,3.14098817526053,3.01845659174032,3.38277976842313,3.39139266664518
"156",3.24651163175315,11.9739337747902,12.6983262662208,13.9977120931819,15.0718428230963,15.6750252597875,16.8527739967658,17.5828793558948,21.5819167680733,28.9648421661585,24.654009104949,21.0612409081703,29.3117800068391,30.6227739483972,32.8844854100155,2.71825070538218,3.2366390008013,3.07842173599627,2.50663623919023,3.39363355098945,3.49839359044935,3.79280869843192
"157",4.00994579506865,12.0396416585663,13.3218112085281,14.3010165994785,15.2433368638547,15.9953090977774,17.098689188997,18.2527002642902,22.8235722577096,19.8769338730705,21.9523642511923,19.314779708442,19.7799836785694,18.1307105020317,16.5594261240366,2.53275744962814,1.78696888564051,2.5568192262919,2.97860812855171,2.15825694614285,2.92308677552585,3.11203103425866
"158",4.22195614018636,12.0171903943954,13.0359467225539,14.0560346993217,15.0644425486635,16.1198513058652,16.9373581550531,17.9639786272692,15.8714612391009,23.2070691194173,23.1576517872043,22.7206314163134,18.776365065681,23.4428223920066,28.4752671344102,2.66744659393508,2.98618825674868,2.8442851349163,3.11986382815966,2.69399256642869,2.68994466957512,2.90804413712793
"159",3.12653572519485,11.7937620709659,13.125560066657,13.9246240435218,15.0647419278877,16.2554206195513,17.2480559052537,18.0629432661084,10.2984578811987,17.2318126537653,18.6869874869774,11.4920533944752,15.2212675828745,23.1704655678216,32.1981691313228,3.90201184863358,3.28563980886067,3.50258901053915,3.4153480743596,3.07710661785615,3.24470474824679,3.26899032828424
"160",3.06409156861842,12.4351091142447,12.7742141084832,14.0954230203288,15.1165184398345,15.9669842797396,17.0829052888913,18.2458922737478,10.1740799135111,17.9261857150766,14.8267873656121,20.0629692105682,18.6382981834139,24.7857971832537,27.7227646870966,2.85799333880144,2.65387410088828,2.78411917647381,2.74033861914989,2.79150992823508,2.67298260153378,2.80420451063409
"161",4.65713913459387,12.1513665612859,12.7723640928019,13.9763923282427,14.9812508797193,15.7608903693652,17.1103769349807,18.2076604880777,18.5587332482552,16.8982269925883,21.5429370429924,22.7521117898565,23.4464449382724,22.2475499647577,24.5196630249817,2.63358170982241,3.02335148929605,3.28221397855713,2.86712876832683,3.41939284620683,2.44768701639032,2.9767363684653
"162",4.5402128556507,11.9947366332693,12.9555724443868,13.761476685503,14.5700089461305,15.6048869907308,16.9978853475352,18.0374349844832,17.0429456432561,18.7053021590765,24.124900168786,24.0751103547082,23.6611900737185,30.0387527843061,26.5899877617969,2.4949738818272,2.54789715281876,2.76327891935608,2.57594847194594,2.03756885603118,2.9077633096002,2.87946270031857
"163",4.67136139233713,11.9681208957077,13.1632541565093,14.7764733739625,14.8853255265964,15.8654017030737,17.1463583776021,18.3368795693552,12.7834210702601,17.0178500722907,22.5835851389205,22.0910029468921,16.1141515601936,21.8800837223882,22.0453847469687,2.07534613204048,1.67609957073713,2.49356154936737,2.87790668696934,2.46173838270097,2.60427863548175,2.78892279636033
"164",4.41716550968915,12.1262022734799,12.8401231447963,14.0625173761495,15.1054123584196,16.0149607686604,16.8826146299544,17.9536489340292,16.4717244523455,16.8249837049275,15.8760465744963,16.2754941603103,20.468056145583,13.8636075130742,23.9653946534825,3.28750340808732,3.27633272991772,3.77610324536437,2.8397223885367,3.42402281921346,2.76658998825048,2.81774037556973
"165",5,12.1827605569956,12.8329174783656,13.9473422113394,15.0937953283106,15.8393461744397,17.0482671855744,17.9000190308601,26.0494535018176,29.1661931702114,31.3324968565918,26.4059935462665,27.0423422062927,26.1229933048845,25.8725728254265,1.29093430438285,1.42254553782306,2.21398517406974,1.81761925572656,1.71378046339701,1.81955080787109,2.25427126928927
"166",3.40021517603077,11.9011072560854,13.0671990171162,14.350225485882,15.1517491547549,16.0392618855313,16.7276246003628,18.2994623876798,17.1411386726685,17.0290052363829,23.6492604903733,20.1214417180258,20.6513259159656,23.3054376619543,22.420352338607,4.05955386658796,3.23418923670738,3.76604840742081,3.78486620922367,3.34635947844184,4.08853267869289,3.56917332204834
"167",4.17717831607877,11.9716215295716,13.192233152288,14.0436013991029,14.9615323777829,15.9723819320972,17.2554854785358,18.0422611226491,10.3546691496363,18.1573126994396,18.3113122630389,10.8965531697575,20.9790028743438,30.8378046490153,19.7847369511146,3.67935901210646,3.87368183017379,2.93886265473083,3.12001149167554,3.18962347718029,3.55537855625733,3.08971858139561
"168",4.62475773802745,12.1337434636086,13.1721496598513,14.1313818886013,14.9497956913322,15.7205297063979,17.039258118018,18.0519031982629,13.3111423976593,21.0490600443187,11.4767169604409,10.5390831480679,14.8976810456617,16.9770803310055,23.6876980430843,2.355751358873,2.60370239314413,2.51799229234577,2.68089945690918,2.55031375946896,2.88290536985763,2.81043648698086
"169",4.98667186405847,11.9272549478485,13.2479467765095,13.8918633060849,14.8574876640089,15.8275237797795,16.7548255304281,17.9910330400739,10.7639624757577,15.5646558026965,10.731783598814,10.1898261906532,16.1436667840325,16.3914441896249,12.6210727837756,3.20255971213528,3.51353380284176,3.27238302195555,2.58303833148287,3.01371479503853,2.33800730491359,2.12593344271067
"170",4.23510214790006,12.2011305992974,13.0946125749453,13.9831341131757,15.1815992216801,15.8663873300401,16.887075439638,17.8525928504516,23.2203478535333,19.4858093403325,12.4959084274639,20.6284450792352,16.6157440331613,26.5450158516582,23.1505614447558,3.47526130887749,3.90912125129427,2.52993787634739,3.32711496143354,2.68341250446572,3.31164895088012,2.89133005682266
"171",3.90379137967873,12.2271420797002,13.0140175583893,13.6645835489865,14.8740583010757,16.1062142709071,17.2542935048575,18.0657954310433,13.5743571196586,17.0085593723977,17.9041857589928,20.6593440429694,22.3844090500625,21.347496721284,25.1794553207289,2.28394959475917,2.94514271453297,2.93196292247228,2.99198918329533,3.22684497323312,2.89476603329035,3.38899977725818
"172",4.21421407701725,12.0821381741014,13.012373656904,14.1387242841812,14.8190080413526,15.426765320673,16.9524858667266,18.1640955190837,16.0557793796183,10.0583527624594,18.3485260336729,19.0532509258975,14.3976409847916,19.6598286777949,23.045498145179,4.59931385250337,4.9027362727598,4.52182035705264,4.62963260834416,3.97043363925737,4.2658702695259,4.42077259963614
"173",3.78678691657241,12.00899624043,13.038817779829,13.644144062724,14.850405039403,16.333227515516,17.3231715058491,18.0227964265406,13.5120754644675,13.8236719952928,11.4597358306767,11.0092198247397,17.027873872132,15.2930861413319,20.2557473893293,2.67173934854568,3.1500697585023,3.01858618943334,2.76155531607751,2.57268060870675,2.68950770286981,3.27043811240498
"174",2.53720183645816,11.7761723993564,13.0056020342785,14.208953962658,14.6994728488031,16.3455891647484,17.0948799211967,17.9614726486825,12.9479401909363,17.497887368921,19.3998098402592,16.6169532055036,24.0279620288298,22.5111369131439,22.6429449319222,3.22917192095626,2.8335041766299,2.94454857683791,2.99943175652848,3.05734808637479,3.39384391553842,3.32904125515461
"175",3.51894036579487,11.824965254569,13.1106256118946,14.0459174854008,15.0704765270697,16.0446804490034,17.0650732265288,18.1628393620679,11.0398285212567,14.7077282042049,18.4632072867426,22.2169990054721,17.9880730557602,25.2508950208008,23.8677382591273,2.01340647966823,1.45279523099379,2.24489688141472,2.65493744088001,2.03382066171055,2.52051216372641,2.51976344794216
"176",3.75795836927832,12.0017962406364,13.3576877834256,13.6528255881767,14.7617653059562,15.7362890424272,17.072185436103,17.8568029217175,11.9569760414525,17.2810396076325,20.8076115188214,20.0738025855454,26.1871452161707,29.9226217013694,22.841946330111,3.22362285925894,2.9008505010887,2.5186176270757,2.55962884623208,2.90856057207384,2.90690985811152,2.1147167745989
"177",3.82572420150333,11.9456187937941,13.0098099090427,14.2171133953307,14.9968866673843,15.782537550858,17.0456840903079,18.2077964043061,27.6595213577964,26.0914532801903,26.7897081865248,25.7814882027183,26.2631875249442,30.6166994036145,24.6195205980621,3.5628001290272,3.26114792882524,3.59228345120377,3.29249564500454,3.52890666336404,3.44505319117201,3.33271912004095
"178",5,12.0101542155481,12.8656214587102,13.8974434261518,14.7241622742681,16.1459765964068,17.1808986846424,18.1530087015158,10.4485092245012,18.6846059096836,12.6534449101441,18.5798977930305,16.659322638249,11.3803834158449,16.4338392392856,3.30858847358435,2.97016990966425,3.64662291942026,3.42601292670542,3.24036050214317,3.41711444980235,2.95418731621403
"179",3.67082710405096,12.0967033082977,13.0268102205503,14.1787387497493,14.7540824817262,16.2359063780428,16.9497760190538,18.2258283878383,10.1162277125288,15.3794328219968,16.3017782832707,13.2313831129461,14.2632907261242,19.8523331164328,21.8189111217873,3.11228589688105,3.08862639050864,3.14390560685727,2.69549289656816,3.24021548622256,3.64394409674745,3.28201225064883
"180",4.41445244481699,12.2974607025353,12.8149443391531,14.1346861438246,14.9110362822775,15.8812667576321,16.9962901087888,17.951812428764,14.4918666698891,15.1007610371094,16.9459023566912,21.2155702623122,19.5417658340923,25.4274035079843,28.8237152572944,3.49568721248891,3.3335857857764,3.5075125853317,3.4201478307804,2.90695005879569,3.66297385976733,3.51958618299204
"181",3.8681608813,12.1223796932322,13.0760737345415,13.9666002775952,14.9617431846879,15.8729510308623,17.1410374366845,17.9567037760086,15.9998694387431,15.3266449644331,20.8473722178832,20.4506200132369,26.5687947084512,18.4912302727685,21.4482324718965,1.30283461136032,1.81933816229373,2.1167276564299,2.42028563457625,3.09881337266499,2.83920985144173,2.75281427750729
"182",4.24230263325363,12.0083570495886,12.9487118640276,14.0105425415507,15.0313288641679,16.1737024377411,17.0576425560294,17.9461568199603,17.7944024812608,20.1961713041627,18.2450310161007,13.4116872926237,25.6224485366969,26.0401181889428,30.1316509597768,2.57605034392454,2.52334851903402,2.08610671128525,1.78181344231786,2.81362293632101,2.54353729715671,2.68027618027504
"183",4.0374278432457,11.8341183842773,13.1057119007306,13.8399484688778,15.0697489804974,16.0724286324381,17.0517833731491,18.1448092716795,22.6108284479321,20.1671922175592,19.0833846021465,20.4390259040145,19.5315838205232,24.9790198112348,24.4468367431643,3.08715185159117,3.30863893319453,2.90445822656322,3.39020927324001,2.38146187071567,3.07354222698071,2.70604577254006
"184",3.36863399699184,11.9254452653012,13.1549823954844,13.9760442903626,14.9701181731393,15.8591786823907,16.9126011006339,17.7207486274725,16.9581554711652,12.2174249427669,16.9810692180471,19.8100274970953,18.1233915727477,23.7341873388826,18.6203568940173,2.61721866615887,2.35532543130781,2.30319917795929,2.89319237899531,3.05621831609141,2.91585518007426,2.45986895452461
"185",3.07055543089236,12.1076866378681,12.9578955907893,14.1081124611895,15.0546660838377,15.9540871170793,17.1680524552563,17.9444272770183,18.9186938351782,11.0512750935941,11.0984649916254,18.6513723966689,19.3808771113802,25.1471525713867,28.4197554022264,3.28319425663283,3.24564021040312,2.71650957065435,2.66054209727191,3.0087556557238,2.812388680652,2.9904014649821
"186",3.37452936417857,11.9699672845377,13.089624149664,13.9722891690841,15.1102342743356,16.2290774758347,16.6995421277819,17.9679013581744,18.9008010628255,17.3313650340392,23.6966180301885,24.5557695777542,25.8138815013002,21.1672249825441,24.1477648335507,2.39075278004143,1.56352848376673,2.45249046631427,2.26029677583159,2.75844257775046,2.15526942128454,2.9210236330737
"187",2.93721612136321,12.1045678071799,13.1651003032786,14.1735679279037,15.0532749069352,16.2759052327791,16.9800000907687,17.6474866764852,20.6340481131718,20.6000911452753,14.2913233037038,17.0453957667096,19.4976171922862,23.5459104627087,28.8891291221861,2.42702512612546,2.9757716319077,2.58910922493771,2.50803070997283,2.5506475024128,2.98634927602723,2.60506893297169
"188",2.98936864357304,11.694487804841,12.8952829291833,14.3429409680654,15.0429789025372,15.9166236977831,16.846078417646,17.9782139405099,13.6876269128991,14.5000681220137,18.8958329556394,18.9748172910663,18.49636410441,24.9138495900189,30.7053335823088,2.50795561182633,2.38748009719662,2.62734964405793,2.66192674299663,2.92602723026619,3.08855949889548,3.73060860854768
"189",4.50671329912232,11.7811466863546,12.9331787391039,14.1415403255529,14.999654672398,16.0176606591073,16.9103652027301,17.8245548407482,10.3997201791876,10.3543082606432,14.2312275561363,22.3284046883481,20.1797363808654,24.6630092088813,23.8487016347453,2.54168685312029,2.15985397200876,2.72313346897135,2.84824159082612,3.08153027948627,2.89493266910797,2.98389677517018
"190",3.55300505763238,12.1925946821246,12.9198648242232,14.3032516598563,15.0908124896521,15.9300359395823,16.9303752042657,17.9831329327878,15.1865399674725,14.1959822293102,14.7584147299825,13.0914067254175,13.5736977182303,21.3308140504656,16.9578301654074,2.89701453477947,2.80262333132657,3.08442067155114,2.80236288657762,2.80848061158343,2.8040866561013,2.8589266016705
"191",3.28211722607593,12.0097344898213,12.8945236446331,13.7703766175014,14.9780957807194,15.9206304315103,16.8485855784832,17.9116436146459,12.3623156108868,14.1042313649627,22.0790977568151,24.0535290383122,14.976717826443,22.3136648150345,27.0566829642919,2.67175660141559,2.77781117107981,3.0076230257987,3.62254865191951,2.72058293793267,2.96120756333767,3.03990326269579
"192",3.7653702298056,11.9647591500714,12.8486980734721,13.90727079808,15.0749829224247,15.7071246705253,17.0945112177583,17.7424336278232,19.525662499391,15.6221155529342,18.2699322681682,20.4639511789626,18.5717863950003,20.4990547250078,19.0413594315055,3.21212364862876,3.43650904873676,3.48756030804615,4.05660643450052,4.04726005359233,3.73847588799624,3.92710176372141
"193",4.47586102360333,11.8972701142949,12.9848903375238,13.9836970076646,14.7069493519999,16.2329220972342,17.1325672915919,18.1140190457846,15.3858080363834,19.0277603298978,22.108703325476,18.679937206602,24.3303763142624,27.0427894518703,24.8702890238852,2.48643873082847,2.74667918752782,2.76099370920824,2.52122620911899,2.92442661340038,2.44321912460967,2.42075931673074
"194",4.23003626539084,11.8840298479137,13.4343937345949,14.1265259581122,14.6831480220628,15.8713057045958,16.8374627406001,17.869697233033,10.1991956139882,17.4977682222125,14.389637127276,17.7346680912477,19.1611496641524,24.5388961267549,24.5977903463605,3.69425905031239,3.79347998037071,3.18825222817729,3.57125126072449,3.46143930324074,3.88567205956562,2.96732184983579
"195",3.48035432712464,11.8902963624311,13.0114068943475,14.1296008543804,14.9475359119608,16.020313903235,16.9366992324183,18.0719806778332,23.4000063476597,28.4491461263819,23.5664261673702,27.3853067884547,22.0503688631769,29.2691895520888,27.7906979294307,3.02334978550851,3.40701333965402,2.82848553834395,3.81987901909579,2.78068251968127,3.0582514007508,2.89236297078749
"196",3.61577505385786,11.8542072331847,13.0786670539949,13.958905596599,15.0421991315929,16.0252231386688,17.0076750772137,17.942849857964,17.4905185054773,19.9274616279845,11.202930207229,11.5983277736453,13.5824115249111,13.2214097250138,19.6745353841911,4.36932378854843,4.17981121055186,4.2054061508803,3.57228504511387,3.35675248012265,3.2427196236161,3.06108309262966
"197",4.24312714999967,12.0971099447515,12.8385932530495,14.022791818798,14.9683057745979,16.1888430747005,16.9656614262519,17.8059817448628,15.8766152284703,13.8418879528004,20.6211249933252,20.0085826968188,19.2315930563299,28.8549783716332,28.1552461211967,3.14350997478907,2.64400787977282,2.79561148389902,3.02143827111712,2.92481190595962,2.93360182076623,3.07563786677904
"198",3.56195733743805,11.9332879022271,13.0945638056485,14.1052895195472,15.178974587276,16.1466297651219,16.7756603813291,17.8964326135531,12.1074590205971,12.6167810444936,12.355084051029,18.6024388079364,18.7027024461457,17.535993022565,27.0478780688717,4.50088183807347,3.97852581233395,4.0528593301286,3.85352186869627,3.53959754196885,3.4053988813297,3.76374177701762
"199",3.46364483315926,11.9931467068321,13.0259916364124,14.1412411790604,15.2145389995983,15.838005769306,17.1586878226489,17.7997759664843,10.9468632957292,18.9752224171139,19.0860683646886,19.6241153536852,19.9705303944233,20.6947876923174,17.483229420449,3.85340442903812,3.78859516152129,3.54069877970121,3.68425847836761,3.73145229188583,3.57773103161744,3.78102745775423
"200",5,12.3558893955566,13.2293583146635,13.9974658130843,15.3060154989872,16.1415905716584,17.0967803373341,18.0197439313337,14.8954015546129,10.2198960646826,19.9061907753116,14.6936399649246,11.8008237173282,16.1371784829521,12.3684743757836,2.89427307213488,3.21563121123827,3.26551207172716,3.22924971270513,3.0837473834735,3.55776082854631,2.97322996835652
